{"TGSSADR J034630.8-342238": {"Total_flux": 20649.199821472168, "DEC": -34.37739944458008, "RA": 56.62873840332031}, "TGSSADR J180316.9-274813": {"Total_flux": 50478.09996795654, "DEC": -27.80364990234375, "RA": 270.82061767578125}, "TGSSADR J073819.7-302505": {"Total_flux": 14347.499702453613, "DEC": -30.418230056762695, "RA": 114.58247375488281}, "TGSSADR J171052.3-352813": {"Total_flux": 21223.700241088867, "DEC": -35.470359802246094, "RA": 257.71820068359375}, "TGSSADR J173040.5-212914": {"Total_flux": 69466.7015838623, "DEC": -21.487319946289062, "RA": 262.6687927246094}, "TGSSADR J171801.0-372633": {"Total_flux": 62606.30078125, "DEC": -37.44253921508789, "RA": 259.5044860839844}, "TGSSADR J174024.3-305744": {"Total_flux": 67464.90002441406, "DEC": -30.962480545043945, "RA": 265.1013488769531}, "TGSSADR J154402.7-335233": {"Total_flux": 13119.299613952637, "DEC": -33.876041412353516, "RA": 236.0113525390625}, "TGSSADR J020012.1-305327": {"Total_flux": 25311.699249267578, "DEC": -30.89105987548828, "RA": 30.050439834594727}, "TGSSADR J191927.5-295802": {"Total_flux": 11346.200374603271, "DEC": -29.967439651489258, "RA": 289.8647766113281}, "TGSSADR J231956.3-272800": {"Total_flux": 19991.000343322754, "DEC": -27.466739654541016, "RA": 349.98492431640625}, "TGSSADR J101809.2-314415": {"Total_flux": 16862.60040283203, "DEC": -31.737730026245117, "RA": 154.53834533691406}, "TGSSADR J175254.2-374529": {"Total_flux": 35837.19960784912, "DEC": -37.75809097290039, "RA": 268.22613525390625}, "TGSSADR J114134.5-285052": {"Total_flux": 17822.499618530273, "DEC": -28.847980499267578, "RA": 175.39398193359375}, "TGSSADR J051330.6-303042": {"Total_flux": 18364.49982070923, "DEC": -30.51190948486328, "RA": 78.37760162353516}, "TGSSADR J163929.8-382806": {"Total_flux": 21478.500701904297, "DEC": -38.46854019165039, "RA": 249.87452697753906}, "TGSSADR J183058.8-360231": {"Total_flux": 57879.29844665527, "DEC": -36.04207992553711, "RA": 277.74505615234375}, "TGSSADR J185710.6-301943": {"Total_flux": 14750.599586486816, "DEC": -30.328739166259766, "RA": 284.2942810058594}, "TGSSADR J205217.6-364031": {"Total_flux": 18198.599601745605, "DEC": -36.67549133300781, "RA": 313.0733642578125}, "TGSSADR J211810.6-301915": {"Total_flux": 14464.699615478516, "DEC": -30.320959091186523, "RA": 319.5444030761719}, "TGSSADR J062706.4-352908": {"Total_flux": 21409.59917640686, "DEC": -35.48577880859375, "RA": 96.77693176269531}, "TGSSADR J055615.6-322309": {"Total_flux": 12127.800067901611, "DEC": -32.38597106933594, "RA": 89.06526184082031}, "TGSSADR J170541.5-321925": {"Total_flux": 21515.900833129883, "DEC": -32.32379150390625, "RA": 256.42303466796875}, "TGSSADR J052333.1-325122": {"Total_flux": 15293.699966430664, "DEC": -32.85633850097656, "RA": 80.8882064819336}, "TGSSADR J203444.5-354850": {"Total_flux": 14170.399955749512, "DEC": -35.814170837402344, "RA": 308.68560791015625}, "TGSSADR J190249.3-232953": {"Total_flux": 32797.29962158203, "DEC": -23.498130798339844, "RA": 285.7056884765625}, "TGSSADR J170624.0-372130": {"Total_flux": 13979.300201416016, "DEC": -37.358428955078125, "RA": 256.6002197265625}, "TGSSADR J213123.1-312113": {"Total_flux": 11193.800449371338, "DEC": -31.35379981994629, "RA": 322.84649658203125}, "TGSSADR J174751.2-372328": {"Total_flux": 25052.80079650879, "DEC": -37.39128875732422, "RA": 266.9633483886719}, "TGSSADR J065857.4-241724": {"Total_flux": 32615.600393295288, "DEC": -24.29022979736328, "RA": 104.73938751220703}, "TGSSADR J182035.2-390929": {"Total_flux": 39837.30039978027, "DEC": -39.15822982788086, "RA": 275.14691162109375}, "TGSSADR J174545.7-285925": {"Total_flux": 16407.799682617188, "DEC": -28.990440368652344, "RA": 266.4405212402344}, "TGSSADR J171412.3-381113": {"Total_flux": 55603.800201416016, "DEC": -38.18695831298828, "RA": 258.5516357421875}, "TGSSADR J112554.0-352322": {"Total_flux": 14841.600353240967, "DEC": -35.389469146728516, "RA": 171.47532653808594}, "TGSSADR J184428.4-402157": {"Total_flux": 28689.099605560303, "DEC": -40.3660888671875, "RA": 281.11865234375}, "TGSSADR J175943.0-344901": {"Total_flux": 21843.0997505188, "DEC": -34.817020416259766, "RA": 269.92938232421875}, "TGSSADR J153353.3-333714": {"Total_flux": 9594.199893951416, "DEC": -33.620819091796875, "RA": 233.47230529785156}, "TGSSADR J141633.6-364048": {"Total_flux": 17864.399627685547, "DEC": -36.68024826049805, "RA": 214.14027404785156}, "TGSSADR J211050.6-335113": {"Total_flux": 9582.700378417969, "DEC": -33.85369110107422, "RA": 317.7109069824219}, "TGSSADR J093801.0-291246": {"Total_flux": 17907.099658966064, "DEC": -29.21282958984375, "RA": 144.5045166015625}, "TGSSADR J173229.7-353534": {"Total_flux": 15239.299606323242, "DEC": -35.592891693115234, "RA": 263.123779296875}, "TGSSADR J052257.7-362735": {"Total_flux": 64304.30075073242, "DEC": -36.45975112915039, "RA": 80.74076080322266}, "TGSSADR J041300.8-343011": {"Total_flux": 11185.200210571289, "DEC": -34.50326156616211, "RA": 63.25358963012695}, "TGSSADR J145429.8-364045": {"Total_flux": 31176.799209594727, "DEC": -36.679378509521484, "RA": 223.62449645996094}, "TGSSADR J013412.0-362915": {"Total_flux": 22285.89994430542, "DEC": -36.48754119873047, "RA": 23.550390243530273}, "TGSSADR J192628.1-324245": {"Total_flux": 14779.099822998047, "DEC": -32.71268081665039, "RA": 291.6172790527344}, "TGSSADR J171315.6-250228": {"Total_flux": 61412.0989074707, "DEC": -25.04129981994629, "RA": 258.3152160644531}, "TGSSADR J104645.0-360130": {"Total_flux": 10529.100387573242, "DEC": -36.02524948120117, "RA": 161.6878204345703}, "TGSSADR J140240.0-360351": {"Total_flux": 12934.999576568604, "DEC": -36.06435012817383, "RA": 210.66705322265625}, "TGSSADR J162555.4-310809": {"Total_flux": 15390.600383758545, "DEC": -31.135879516601562, "RA": 246.48101806640625}, "TGSSADR J163141.1-265649": {"Total_flux": 18891.00040435791, "DEC": -26.94713020324707, "RA": 247.92129516601562}, "TGSSADR J211403.3-350240": {"Total_flux": 12967.899570465088, "DEC": -35.04460906982422, "RA": 318.51385498046875}, "TGSSADR J174306.6-352637": {"Total_flux": 11451.499603271484, "DEC": -35.44371032714844, "RA": 265.77764892578125}, "TGSSADR J234145.7-350623": {"Total_flux": 11144.599628448486, "DEC": -35.10652160644531, "RA": 355.4405212402344}, "TGSSADR J004441.0-353033": {"Total_flux": 13291.399572372437, "DEC": -35.5092887878418, "RA": 11.170860290527344}, "TGSSADR J183232.4-342240": {"Total_flux": 13603.199821472168, "DEC": -34.377891540527344, "RA": 278.1351623535156}, "TGSSADR J043300.3-295615": {"Total_flux": 10452.80001449585, "DEC": -29.937559127807617, "RA": 68.2514877319336}, "TGSSADR J103312.9-341845": {"Total_flux": 15592.300163269043, "DEC": -34.312530517578125, "RA": 158.30410766601562}, "TGSSADR J045514.2-300650": {"Total_flux": 23645.400386810303, "DEC": -30.113990783691406, "RA": 73.80946350097656}, "TGSSADR J002549.1-260210": {"Total_flux": 19164.000778198242, "DEC": -26.036300659179688, "RA": 6.454840183258057}, "TGSSADR J115421.8-350530": {"Total_flux": 11677.49983215332, "DEC": -35.09170913696289, "RA": 178.59097290039062}, "TGSSADR J042940.1-363053": {"Total_flux": 21454.0, "DEC": -36.514808654785156, "RA": 67.41748046875}, "TGSSADR J221942.5-275626": {"Total_flux": 14503.100440979004, "DEC": -27.940780639648438, "RA": 334.92742919921875}, "TGSSADR J142529.1-295956": {"Total_flux": 22982.30037689209, "DEC": -29.999000549316406, "RA": 216.3716278076172}, "TGSSADR J230223.9-371807": {"Total_flux": 13832.700386047363, "DEC": -37.302101135253906, "RA": 345.5997619628906}, "TGSSADR J084649.0-294244": {"Total_flux": 12692.600154876709, "DEC": -29.71245002746582, "RA": 131.70431518554688}, "TGSSADR J191547.0-265259": {"Total_flux": 22989.599327087402, "DEC": -26.883100509643555, "RA": 288.94586181640625}, "TGSSADR J021902.9-362609": {"Total_flux": 17985.80007171631, "DEC": -36.43608093261719, "RA": 34.762149810791016}, "TGSSADR J170745.4-303039": {"Total_flux": 12612.200080871582, "DEC": -30.510910034179688,