{"TGSSADR J002549.1-260210": {"Total_flux": 19164.000778198242, "DEC": -26.036300659179688, "RA": 6.454840183258057}, "TGSSADR J004441.0-353033": {"Total_flux": 13291.399572372437, "DEC": -35.5092887878418, "RA": 11.170860290527344}, "TGSSADR J015036.0-293202": {"Total_flux": 19413.999938964844, "DEC": -29.53396987915039, "RA": 27.650009155273438}, "TGSSADR J002430.1-292848": {"Total_flux": 20084.70077896118, "DEC": -29.480060577392578, "RA": 6.125430107116699}, "TGSSADR J013027.9-260958": {"Total_flux": 13220.999591827393, "DEC": -26.166189193725586, "RA": 22.616559982299805}, "TGSSADR J002530.4-330346": {"Total_flux": 12610.299989700317, "DEC": -33.06296157836914, "RA": 6.376880168914795}, "TGSSADR J001217.9-332159": {"Total_flux": 8745.699897766113, "DEC": -33.36661148071289, "RA": 3.074899911880493}}
