{"TGSSADR J034630.8-342238": {"Total_flux": 20649.199821472168, "DEC": -34.37739944458008, "RA": 56.62873840332031}, "TGSSADR J084508.0-334745": {"Total_flux": 9506.599895477295, "DEC": -33.795989990234375, "RA": 131.28358459472656}, "TGSSADR J100439.5-321643": {"Total_flux": 11419.899948120117, "DEC": -32.27888107299805, "RA": 151.1647186279297}, "TGSSADR J073819.7-302505": {"Total_flux": 14347.499702453613, "DEC": -30.418230056762695, "RA": 114.58247375488281}, "TGSSADR J022343.7-281858": {"Total_flux": 12350.89979171753, "DEC": -28.31637954711914, "RA": 35.93238067626953}, "TGSSADR J100140.4-305824": {"Total_flux": 9961.400051116943, "DEC": -30.97355079650879, "RA": 150.41859436035156}, "TGSSADR J051342.7-302455": {"Total_flux": 17800.299808502197, "DEC": -30.41554069519043, "RA": 78.42829132080078}, "TGSSADR J021317.4-341329": {"Total_flux": 11222.20015335083, "DEC": -34.2247314453125, "RA": 33.32284927368164}, "TGSSADR J020012.1-305327": {"Total_flux": 25311.699249267578, "DEC": -30.89105987548828, "RA": 30.050439834594727}, "TGSSADR J074001.0-362421": {"Total_flux": 11258.900184631348, "DEC": -36.40605163574219, "RA": 115.00438690185547}, "TGSSADR J101329.4-283116": {"Total_flux": 10222.300121307373, "DEC": -28.52121925354004, "RA": 153.37254333496094}, "TGSSADR J101809.2-314415": {"Total_flux": 16862.60040283203, "DEC": -31.737730026245117, "RA": 154.53834533691406}, "TGSSADR J114134.5-285052": {"Total_flux": 17822.499618530273, "DEC": -28.847980499267578, "RA": 175.39398193359375}, "TGSSADR J051330.6-303042": {"Total_flux": 18364.49982070923, "DEC": -30.51190948486328, "RA": 78.37760162353516}, "TGSSADR J062706.4-352908": {"Total_flux": 21409.59917640686, "DEC": -35.48577880859375, "RA": 96.77693176269531}, "TGSSADR J055615.6-322309": {"Total_flux": 12127.800067901611, "DEC": -32.38597106933594, "RA": 89.06526184082031}, "TGSSADR J115115.4-353700": {"Total_flux": 10986.999752044678, "DEC": -35.616878509521484, "RA": 177.81419372558594}, "TGSSADR J052333.1-325122": {"Total_flux": 15293.699966430664, "DEC": -32.85633850097656, "RA": 80.8882064819336}, "TGSSADR J065857.4-241724": {"Total_flux": 32615.600393295288, "DEC": -24.29022979736328, "RA": 104.73938751220703}, "TGSSADR J072047.5-340706": {"Total_flux": 14841.69983291626, "DEC": -34.11832809448242, "RA": 110.19815063476562}, "TGSSADR J112554.0-352322": {"Total_flux": 14841.600353240967, "DEC": -35.389469146728516, "RA": 171.47532653808594}, "TGSSADR J000313.4-355640": {"Total_flux": 9645.399803161621, "DEC": -35.94451904296875, "RA": 0.8061500191688538}, "TGSSADR J022720.2-303750": {"Total_flux": 9238.400184631348, "DEC": -30.630619049072266, "RA": 36.8343391418457}, "TGSSADR J035947.0-370030": {"Total_flux": 9183.900184631348, "DEC": -37.00836944580078, "RA": 59.946048736572266}, "TGSSADR J093801.0-291246": {"Total_flux": 17907.099658966064, "DEC": -29.21282958984375, "RA": 144.5045166015625}, "TGSSADR J052257.7-362735": {"Total_flux": 64304.30075073242, "DEC": -36.45975112915039, "RA": 80.74076080322266}, "TGSSADR J041300.8-343011": {"Total_flux": 11185.200210571289, "DEC": -34.50326156616211, "RA": 63.25358963012695}, "TGSSADR J013412.0-362915": {"Total_flux": 22285.89994430542, "DEC": -36.48754119873047, "RA": 23.550390243530273}, "TGSSADR J104645.0-360130": {"Total_flux": 10529.100387573242, "DEC": -36.02524948120117, "RA": 161.6878204345703}, "TGSSADR J035135.7-274435": {"Total_flux": 34203.89912414551, "DEC": -27.743059158325195, "RA": 57.89897918701172}, "TGSSADR J105533.5-283133": {"Total_flux": 9322.500186920166, "DEC": -28.52606964111328, "RA": 163.8896026611328}, "TGSSADR J060312.0-342635": {"Total_flux": 15516.300373077393, "DEC": -34.44322967529297, "RA": 90.80026245117188}, "TGSSADR J101348.2-315325": {"Total_flux": 15316.500301361084, "DEC": -31.89031982421875, "RA": 153.4508514404297}, "TGSSADR J004441.0-353033": {"Total_flux": 13291.399572372437, "DEC": -35.5092887878418, "RA": 11.170860290527344}, "TGSSADR J043736.5-295406": {"Total_flux": 9057.500076293945, "DEC": -29.90172004699707, "RA": 69.4023208618164}, "TGSSADR J043300.3-295615": {"Total_flux": 10452.80001449585, "DEC": -29.937559127807617, "RA": 68.2514877319336}, "TGSSADR J103312.9-341845": {"Total_flux": 15592.300163269043, "DEC": -34.312530517578125, "RA": 158.30410766601562}, "TGSSADR J051101.8-331600": {"Total_flux": 8032.100212097168, "DEC": -33.266868591308594, "RA": 77.75762176513672}, "TGSSADR J060553.8-351810": {"Total_flux": 9696.499980926514, "DEC": -35.30295181274414, "RA": 91.47454833984375}, "TGSSADR J045514.2-300650": {"Total_flux": 23645.400386810303, "DEC": -30.113990783691406, "RA": 73.80946350097656}, "TGSSADR J123537.5-251207": {"Total_flux": 16850.499851226807, "DEC": -25.202129364013672, "RA": 188.9065399169922}, "TGSSADR J002549.1-260210": {"Total_flux": 19164.000778198242, "DEC": -26.036300659179688, "RA": 6.454840183258057}, "TGSSADR J115421.8-350530": {"Total_flux": 11677.49983215332, "DEC": -35.09170913696289, "RA": 178.59097290039062}, "TGSSADR J042940.1-363053": {"Total_flux": 21454.0, "DEC": -36.514808654785156, "RA": 67.41748046875}, "TGSSADR J080715.1-333018": {"Total_flux": 10917.699913024902, "DEC": -33.50503158569336, "RA": 121.81295013427734}, "TGSSADR J084649.0-294244": {"Total_flux": 12692.600154876709, "DEC": -29.71245002746582, "RA": 131.70431518554688}, "TGSSADR J021902.9-362609": {"Total_flux": 17985.80007171631, "DEC": -36.43608093261719, "RA": 34.762149810791016}, "TGSSADR J113917.1-322235": {"Total_flux": 16647.19960784912, "DEC": -32.376609802246094, "RA": 174.8213348388672}, "TGSSADR J002530.4-330346": {"Total_flux": 12610.299989700317, "DEC": -33.06296157836914, "RA": 6.376880168914795}, "TGSSADR J043707.7-331209": {"Total_flux": 8437.799812316895, "DEC": -33.202640533447266, "RA": 69.28240966796875}, "TGSSADR J061732.2-363415": {"Total_flux": 8398.499996185303, "DEC": -36.57088851928711, "RA": 94.38453674316406}, "TGSSADR J102011.6-324535": {"Total_flux": 16691.39980316162, "DEC": -32.759849548339844, "RA": 155.04873657226562}, "TGSSADR J092121.7-321938": {"Total_flux": 7500.299793243408, "DEC": -32.327449798583984, "RA": 140.34046936035156}, "TGSSADR J044600.1-330525": {"Total_flux": 7845.800033569336, "DEC": -33.090309143066406, "RA": 71.50076293945312}, "TGSSADR J125720.7-333442": {"Total_flux": 14927.900356292725, "DEC": -33.578590393066406, "RA": 194.33636474609375}, "TGSSADR J034205.3-370322": {"Total_flux": 10009.800392150879, "DEC": -37.05622100830078, "RA": 55.52220153808594}, "TGSSADR J054017.0-330921": {"Total_flux": 9372.7998046875, "DEC": -33.15607833862305, "RA": 85.07125091552734}, "TGSSADR J095804.8-290407": {"Total_flux": 19178.100128173828, "DEC": -29.068679809570312, "RA": 149.52015686035156}, "TGSSADR J031603.3-265800": {"Total_flux": 15582.200332641602, "DEC": -26.96673011779785, "RA": 49.013851165771484}, "TGSSADR J092902.6-293020": {"Total_flux": 13565.599811553955, "DEC": -29.50581932067871, "RA": 142.2611846923828}, "TGSSADR J044444.4-285147": {"Total_flux": 14076.599960327148, "DEC": -28.863130569458008, "RA": 71.18518829345703}, "TGSSADR J015647.2-361611": {"Total_flux": 8862.699890136719, "DEC": -36.269920349121094, "RA": 29.196870803833008}, "TGSSADR J012202.8-373119": {"Total_flux": 13693.199607849121, "DEC": -37.52210998535156, "RA": 20.511999130249023}, "TGSSADR J082829.2-320024": {"Total_flux": 13668.69966506958, "DEC": -32.00679016113281, "RA": 127.12183380126953}, "TGSSADR J092146.2-360330": {"Total_flux": 10918.19970703125, "DEC": -36.05842971801758, "RA": 140.44277954101562}, "TGSSADR J071717.6-250454": {"Total_flux": 22317.99923324585, "DEC": -25.08169937133789, "RA": 109.3235092163086}, "TGSSADR J082126.4-301105": {"Total_flux": 20358.70078086853, "DEC": -30.184980392456055, "RA": 125.36003112792969}, "Fornax A": {"Total_flux": 756351.9999389648, "DEC": -37.208227, "RA": 50.673825}, "TGSSADR J090147.5-255520": {"Total_flux": 49961.298431396484, "DEC": -25.922380447387695, "RA": 135.44815063476562},